[
    {
        "title": "\u0432\u0430\u0430\u0430",
        "status": "new",
        "created": "2015-06-07",
        "employer": "Select employer"
    },
    {
        "title": "\u0430\u0430\u0430\u0430",
        "status": "new",
        "created": "2019-06-07",
        "employer": "Select employer"
    },
    {
        "title": "\u0430\u0430\u0430",
        "status": "new",
        "created": "2016-06-07",
        "employer": "Select employer"
    },
    {
        "title": "\u0442\u043b\u0430\u0433\u043b\u0442\u0430",
        "status": "new",
        "created": "2019-06-07",
        "employer": "Select employer"
    },
    {
        "title": "\u043b\u0442\u0433\u043d\u0430\u043b\u044c",
        "status": "new",
        "created": "2019-06-07",
        "employer": "Select employer"
    },
    {
        "title": "\u0442\u043b\u0433\u043d\u043b",
        "status": "new",
        "created": "2019-06-07",
        "employer": "Select employer"
    },
    {
        "title": "sss",
        "status": "new",
        "created": "2019-06-07",
        "employer": "Select employer"
    },
    {
        "title": "sss",
        "status": "new",
        "created": "2019-06-07",
        "employer": "Select employer"
    }
]